#{"t_start": 1644933944.9352021, "env_id": "NeedleReach-v0"}
r,l,t
-50.0,50,2.979511
-50.0,50,4.014859
-50.0,50,4.754904
-50.0,50,5.647975
-50.0,50,6.494313
-50.0,50,7.397964
-50.0,50,8.274225
-50.0,50,9.102609
-50.0,50,9.9439
-50.0,50,10.744431
-50.0,50,11.647936
-50.0,50,12.431309
-50.0,50,13.214746
-50.0,50,14.080743
-50.0,50,14.857619
-50.0,50,15.641458
-50.0,50,16.437306
-50.0,50,17.213734
-50.0,50,18.027185
-50.0,50,18.827554
-50.0,50,19.627573
-50.0,50,20.506071
-50.0,50,21.281821
-50.0,50,22.07379
-50.0,50,22.867049
-50.0,50,23.686601
-50.0,50,24.554779
-50.0,50,25.375628
-50.0,50,26.181852
-50.0,50,26.917349
-50.0,50,27.662799
-50.0,50,28.550798
-50.0,50,29.37767
-50.0,50,30.155993
-50.0,50,31.053581
-50.0,50,31.914303
-50.0,50,32.684424
-50.0,50,33.507999
-50.0,50,34.413492
-50.0,50,35.207415
-50.0,50,36.034134
-50.0,50,36.928302
-50.0,50,37.826817
-50.0,50,38.612622
-50.0,50,39.353329
-50.0,50,40.143098
-50.0,50,40.931281
-50.0,50,41.713825
-50.0,50,42.535934
-50.0,50,43.382776
-50.0,50,44.260204
-50.0,50,45.116973
-50.0,50,46.004297
-50.0,50,46.811511
-50.0,50,47.681928
-50.0,50,48.46479
-50.0,50,49.251651
-50.0,50,50.305072
-50.0,50,51.160141
-50.0,50,51.943035
-50.0,50,52.74817
-50.0,50,53.771791
-50.0,50,54.588041
-50.0,50,55.374748
-50.0,50,56.274646
-50.0,50,57.009819
-50.0,50,57.921311
-50.0,50,58.666046
-50.0,50,59.53521
-50.0,50,60.420336
-50.0,50,61.146299
-50.0,50,61.927328
-50.0,50,62.717851
-50.0,50,63.518235
-50.0,50,64.248358
-50.0,50,65.092637
-50.0,50,65.952828
-50.0,50,66.710082
-50.0,50,67.488491
-50.0,50,68.230617
-50.0,50,68.972534
-50.0,50,69.817455
-50.0,50,70.649869
-50.0,50,71.459897
-50.0,50,72.316309
-50.0,50,73.064869
-50.0,50,73.828486
-50.0,50,74.713385
-50.0,50,75.457849
-50.0,50,76.284557
-50.0,50,77.056598
-50.0,50,77.807349
-50.0,50,78.569448
-50.0,50,79.449034
-50.0,50,80.202177
-50.0,50,80.987915
-50.0,50,81.824705
-50.0,50,82.600829
-50.0,50,83.400257
-50.0,50,84.237611
-50.0,50,85.093913
-50.0,50,85.902097
-50.0,50,86.760862
-50.0,50,87.629721
-50.0,50,88.425149
-50.0,50,89.266341
-50.0,50,90.190651
-50.0,50,91.022218
-50.0,50,92.020958
-50.0,50,92.750912
-50.0,50,93.552856
-50.0,50,94.561369
-50.0,50,95.399149
-50.0,50,96.2636
-50.0,50,97.204113
-50.0,50,98.028576
-50.0,50,98.846653
-50.0,50,99.690551
-50.0,50,100.47538
-50.0,50,101.307606
-50.0,50,102.14243
-50.0,50,102.999561
-50.0,50,103.82281
-50.0,50,104.607491
-50.0,50,105.417969
-50.0,50,106.159662
-50.0,50,106.895166
-50.0,50,107.659845
-50.0,50,108.406743
-50.0,50,109.171101
-50.0,50,110.124485
-50.0,50,110.989398
-50.0,50,111.76218
-50.0,50,112.592196
-50.0,50,113.349366
-50.0,50,114.202971
-50.0,50,115.068206
-50.0,50,115.854893
-50.0,50,116.68064
-50.0,50,117.493807
-50.0,50,118.283632
-50.0,50,119.046646
-50.0,50,119.838929
-50.0,50,120.675343
-50.0,50,121.418273
-50.0,50,122.291228
-50.0,50,123.06005
-50.0,50,123.892594
-50.0,50,124.730053
-50.0,50,125.448754
-50.0,50,126.290033
-50.0,50,127.105105
-50.0,50,127.929189
-50.0,50,128.709829
-50.0,50,129.488716
-50.0,50,130.340913
-50.0,50,131.113835
-50.0,50,131.9347
-50.0,50,132.789555
-50.0,50,133.579034
-50.0,50,134.415629
-50.0,50,135.151502
-50.0,50,135.855124
-50.0,50,136.714281
-50.0,50,137.523672
-50.0,50,138.229202
-50.0,50,138.928573
-50.0,50,139.830754
-50.0,50,140.564465
-50.0,50,141.3435
-50.0,50,142.16144
-50.0,50,142.942892
-50.0,50,143.729393
-50.0,50,144.565516
-50.0,50,145.457133
-50.0,50,146.252016
-50.0,50,147.0508
-50.0,50,147.845406
-50.0,50,148.62098
-50.0,50,149.424896
-50.0,50,150.229714
-50.0,50,151.073955
-50.0,50,151.904098
-50.0,50,152.756582
-50.0,50,153.605275
-50.0,50,154.475658
-50.0,50,155.240533
-50.0,50,156.070467
-50.0,50,156.806668
-50.0,50,157.686284
-50.0,50,158.476026
-50.0,50,159.315385
-50.0,50,160.139843
-50.0,50,160.854595
-50.0,50,161.625331
-50.0,50,162.488541
-50.0,50,163.231414
-50.0,50,164.044308
-50.0,50,164.905292
-50.0,50,165.704021
-50.0,50,166.47125
-50.0,50,167.27244
-50.0,50,168.031745
-50.0,50,168.82081
-50.0,50,169.584753
-50.0,50,170.327972
-50.0,50,171.146459
-50.0,50,171.930524
-50.0,50,172.780803
-50.0,50,173.564183
-50.0,50,174.428948
-50.0,50,175.275087
-50.0,50,176.142703
-50.0,50,176.86176
-50.0,50,177.653968
-50.0,50,178.442791
-50.0,50,179.227304
-50.0,50,179.997723
-50.0,50,180.906961
-50.0,50,181.722538
-50.0,50,182.645774
-50.0,50,183.49274
-50.0,50,184.354232
-50.0,50,185.180974
-50.0,50,185.961266
-50.0,50,186.787752
-50.0,50,187.618491
-50.0,50,188.417321
-50.0,50,189.200048
-50.0,50,190.073055
-50.0,50,190.871381
-50.0,50,191.634058
-50.0,50,192.493085
-50.0,50,193.293944
-50.0,50,194.041124
-50.0,50,194.928174
-50.0,50,195.787261
-50.0,50,196.675683
-50.0,50,197.467967
-50.0,50,198.271402
-50.0,50,199.07527
-50.0,50,199.93474
-50.0,50,200.65633
-50.0,50,201.517095
-50.0,50,202.332556
-50.0,50,203.138499
-50.0,50,203.926471
-50.0,50,204.815681
-50.0,50,205.646668
-50.0,50,206.485041
-50.0,50,207.296814
-50.0,50,208.078396
-50.0,50,208.837066
-50.0,50,209.592302
-50.0,50,210.443342
-50.0,50,211.283288
-50.0,50,212.110875
-50.0,50,212.920081
-50.0,50,213.657061
-50.0,50,214.471547
-50.0,50,215.339411
-50.0,50,216.062685
-50.0,50,216.880435
-50.0,50,217.819613
-50.0,50,218.667092
-50.0,50,219.454059
-50.0,50,220.261717
-50.0,50,221.006849
-50.0,50,221.886639
-50.0,50,222.747905
-50.0,50,223.561336
-50.0,50,224.343781
-50.0,50,225.103217
-50.0,50,225.869985
-50.0,50,226.781941
-50.0,50,227.638079
-50.0,50,228.464198
-50.0,50,229.30068
-50.0,50,230.101599
-50.0,50,230.89283
-50.0,50,231.742241
-50.0,50,232.638937
-50.0,50,233.446668
-50.0,50,234.288737
-50.0,50,235.015778
-50.0,50,235.786963
-50.0,50,236.537797
-50.0,50,237.263277
-50.0,50,238.039002
-50.0,50,238.826596
-50.0,50,239.614952
-50.0,50,240.365647
-50.0,50,241.14339
-50.0,50,241.871852
-50.0,50,242.691973
-50.0,50,243.461916
-50.0,50,244.288986
-50.0,50,245.090733
-50.0,50,245.951187
-50.0,50,246.796876
-50.0,50,247.724394
-50.0,50,248.522167
-50.0,50,249.277225
-50.0,50,250.035876
-50.0,50,251.007552
-50.0,50,251.844183
-50.0,50,252.626326
-50.0,50,253.443339
-50.0,50,254.299845
-50.0,50,255.188809
-50.0,50,255.943289
-50.0,50,256.698219
-50.0,50,257.535856
-50.0,50,258.372578
-50.0,50,259.175905
-50.0,50,260.021573
-50.0,50,260.800303
-50.0,50,261.692422
-50.0,50,262.542809
-50.0,50,263.367358
-50.0,50,264.152938
-50.0,50,264.909551
-50.0,50,265.603179
-50.0,50,266.428757
-50.0,50,267.220324
-50.0,50,268.024288
-50.0,50,268.86203
-50.0,50,269.654384
-50.0,50,270.411229
-50.0,50,271.19037
-50.0,50,272.132582
-50.0,50,272.879465
-50.0,50,273.719754
-50.0,50,274.51336
-50.0,50,275.376453
-50.0,50,276.21898
-50.0,50,277.013154
-50.0,50,277.837925
-50.0,50,278.59951
-50.0,50,279.40617
-50.0,50,280.170684
-50.0,50,280.909987
-50.0,50,281.716394
-50.0,50,282.509591
-50.0,50,283.266385
-50.0,50,284.021924
-50.0,50,284.839886
-50.0,50,285.625998
-50.0,50,286.40207
-50.0,50,287.218273
-50.0,50,288.121381
-50.0,50,288.98755
-50.0,50,289.836742
-50.0,50,290.692801
-50.0,50,291.553609
-50.0,50,292.362476
-50.0,50,293.209837
-50.0,50,294.06826
-50.0,50,294.929011
-50.0,50,295.680909
-50.0,50,296.387582
-50.0,50,297.199759
-50.0,50,297.951624
-50.0,50,298.719589
-50.0,50,299.507256
-50.0,50,300.265769
-50.0,50,300.980922
-50.0,50,301.875501
-50.0,50,302.729219
-50.0,50,303.497935
-50.0,50,304.246365
-50.0,50,305.098883
-50.0,50,305.900604
-50.0,50,306.760836
-50.0,50,307.685205
-50.0,50,308.432227
-50.0,50,309.226948
-50.0,50,310.049737
-50.0,50,310.889903
-49.0,50,311.708947
-50.0,50,312.602083
-50.0,50,313.448975
-50.0,50,314.21491
-50.0,50,315.071923
-50.0,50,315.859792
-50.0,50,316.915758
-50.0,50,317.725924
-50.0,50,318.521804
-50.0,50,319.302892
-50.0,50,320.061823
-50.0,50,320.801905
-50.0,50,321.668636
-50.0,50,322.462126
-50.0,50,323.245972
-50.0,50,324.190224
-50.0,50,324.909341
-50.0,50,325.664361
-50.0,50,326.466295
-50.0,50,327.229396
-50.0,50,328.031077
-50.0,50,329.727272
-50.0,50,331.238139
-50.0,50,332.793922
-50.0,50,334.42305
-50.0,50,336.122262
-50.0,50,337.693855
-50.0,50,339.263382
-50.0,50,340.963826
-50.0,50,342.615319
-50.0,50,344.2592
-50.0,50,345.869796
-50.0,50,347.491014
-50.0,50,349.041266
-50.0,50,350.663746
-50.0,50,352.211055
-50.0,50,353.824328
-50.0,50,355.369679
-50.0,50,356.950793
-50.0,50,358.450541
-50.0,50,360.080874
-50.0,50,361.683366
-50.0,50,363.219481
-50.0,50,364.879444
-50.0,50,366.491446
-50.0,50,368.097702
-50.0,50,369.66536
-50.0,50,371.250955
-50.0,50,372.836229
-50.0,50,374.371872
-50.0,50,375.883779
-50.0,50,377.415644
-50.0,50,378.992336
-50.0,50,380.62315
-50.0,50,382.244766
-50.0,50,383.741053
-50.0,50,385.356731
-50.0,50,386.911754
-50.0,50,388.531132
-50.0,50,390.166183
-50.0,50,391.794783
-50.0,50,393.423415
-50.0,50,394.956319
-50.0,50,396.565766
-50.0,50,398.202426
-50.0,50,399.792163
-50.0,50,401.369443
-50.0,50,403.043515
-50.0,50,404.698856
-50.0,50,406.520236
-50.0,50,408.12438
-50.0,50,409.782192
-50.0,50,411.389525
-50.0,50,413.079122
-50.0,50,414.671132
-50.0,50,416.307967
-50.0,50,417.926313
-49.0,50,419.376193
-50.0,50,420.970711
-49.0,50,422.943947
-45.0,50,424.644062
-50.0,50,426.596626
-50.0,50,428.158373
-50.0,50,429.763072
-50.0,50,431.42944
-50.0,50,433.097
-48.0,50,434.965535
-50.0,50,436.497659
-50.0,50,438.511966
-50.0,50,440.147845
-49.0,50,442.208704
-50.0,50,444.267227
-50.0,50,446.330996
-50.0,50,448.009216
-50.0,50,450.122071
-48.0,50,452.092498
-48.0,50,453.733798
-49.0,50,455.649454
-50.0,50,457.218861
-50.0,50,459.162127
-50.0,50,460.885048
-49.0,50,462.869017
-50.0,50,464.784842
-50.0,50,466.338893
-46.0,50,468.130948
-48.0,50,469.896617
-50.0,50,471.58755
-50.0,50,473.402069
-50.0,50,475.011248
-49.0,50,476.824601
-50.0,50,478.753536
-50.0,50,480.99821
-49.0,50,482.590596
-50.0,50,484.58004
-50.0,50,486.429439
-50.0,50,488.185133
-49.0,50,489.990158
-50.0,50,491.837516
-50.0,50,493.515171
-49.0,50,495.134835
-50.0,50,496.863543
-50.0,50,498.510097
-50.0,50,500.190299
-50.0,50,502.199985
-49.0,50,504.228736
-50.0,50,506.028579
-48.0,50,507.863463
-50.0,50,509.751696
-50.0,50,511.524172
-50.0,50,513.28084
-49.0,50,515.286894
-50.0,50,517.196968
-50.0,50,518.868676
-50.0,50,520.731776
-49.0,50,522.814727
-50.0,50,525.017779
-50.0,50,526.804388
-50.0,50,528.707691
-49.0,50,530.393406
-50.0,50,532.642842
-50.0,50,534.312163
-50.0,50,536.352184
-49.0,50,538.217405
-49.0,50,539.840911
-49.0,50,541.998595
-48.0,50,543.797217
-50.0,50,546.104187
-50.0,50,547.787992
-48.0,50,549.87383
-50.0,50,551.642423
-50.0,50,553.260098
-48.0,50,555.27186
-50.0,50,557.171819
-50.0,50,558.947153
-50.0,50,560.927907
-50.0,50,562.903046
-50.0,50,564.843779
-50.0,50,566.653359
-50.0,50,568.637648
-50.0,50,570.195458
-50.0,50,571.801158
-50.0,50,573.346614
-50.0,50,575.13031
-50.0,50,576.994125
-48.0,50,578.607687
-48.0,50,580.251793
-44.0,50,582.232551
-50.0,50,583.869169
-49.0,50,585.414716
-48.0,50,587.539531
-42.0,50,589.493063
-50.0,50,591.345771
-50.0,50,592.923511
-50.0,50,594.487237
-47.0,50,596.26897
-50.0,50,598.016805
-50.0,50,599.543814
-45.0,50,601.527564
-33.0,50,603.395308
-48.0,50,605.127426
-50.0,50,606.681317
-39.0,50,608.632761
-50.0,50,610.161373
-48.0,50,612.242814
-50.0,50,613.844467
-47.0,50,615.674956
-24.0,50,617.555421
-33.0,50,619.453585
-50.0,50,621.286561
-17.0,50,623.216618
-50.0,50,624.744461
-33.0,50,626.545266
-50.0,50,628.081924
-16.0,50,630.039656
-27.0,50,631.795603
-50.0,50,633.357305
-35.0,50,635.384311
-50.0,50,636.982929
-50.0,50,638.607698
-47.0,50,640.848689
-22.0,50,642.849879
-50.0,50,644.392336
-23.0,50,646.34712
-21.0,50,648.388914
-50.0,50,649.940502
-18.0,50,652.051931
-50.0,50,653.68265
-50.0,50,655.292034
-13.0,50,657.438853
-31.0,50,659.230545
-50.0,50,660.860117
-22.0,50,662.691608
-13.0,50,664.440879
-50.0,50,665.990025
-40.0,50,667.797101
-32.0,50,669.587633
-50.0,50,671.146407
-50.0,50,672.787846
-21.0,50,674.863941
-50.0,50,676.443005
-34.0,50,678.264975
-24.0,50,680.236767
-13.0,50,682.268505
-50.0,50,683.820548
-50.0,50,685.447041
-6.0,50,687.333131
-27.0,50,689.214644
-15.0,50,691.221866
-22.0,50,693.213489
-50.0,50,694.930196
-27.0,50,696.823807
-41.0,50,698.557669
-50.0,50,700.101002
-50.0,50,701.776953
-50.0,50,703.395675
-22.0,50,705.322756
-16.0,50,707.404489
-9.0,50,709.397877
-50.0,50,710.914373
-50.0,50,712.506012
-50.0,50,714.065638
-5.0,50,715.887039
-32.0,50,718.02531
-5.0,50,720.223269
-16.0,50,722.13211
-45.0,50,724.241074
-42.0,50,726.272449
-35.0,50,728.165169
-18.0,50,730.266659
-5.0,50,732.232915
-8.0,50,734.193282
-8.0,50,736.152561
-5.0,50,738.296462
-12.0,50,740.365988
-50.0,50,741.88786
-8.0,50,743.964595
-31.0,50,745.920634
-6.0,50,747.954752
-5.0,50,750.050433
-50.0,50,751.57359
-7.0,50,753.630499
-9.0,50,755.571098
-6.0,50,757.517002
-5.0,50,759.629213
-36.0,50,761.451788
-6.0,50,763.469361
-8.0,50,765.502725
-6.0,50,767.66719
-8.0,50,769.66863
-42.0,50,771.429461
-12.0,50,773.438002
-45.0,50,775.051904
-5.0,50,776.978769
-5.0,50,779.054219
-7.0,50,781.127267
-8.0,50,783.244569
-13.0,50,785.173959
-16.0,50,787.029757
-5.0,50,788.888899
-13.0,50,791.008592
-13.0,50,792.967362
-10.0,50,795.078605
-6.0,50,797.123401
-5.0,50,799.160183
-5.0,50,800.914704
-5.0,50,802.750439
-5.0,50,804.757939
-8.0,50,806.667924
-9.0,50,808.682786
-5.0,50,810.75581
-6.0,50,812.690889
-5.0,50,814.737822
-8.0,50,816.653861
-5.0,50,818.545561
-6.0,50,820.353439
-11.0,50,822.280224
-6.0,50,824.285728
-11.0,50,826.22985
-5.0,50,828.121825
-23.0,50,830.130421
-5.0,50,832.293189
-9.0,50,834.391222
-7.0,50,836.331123
-8.0,50,838.454305
-5.0,50,840.426586
-6.0,50,842.540255
-7.0,50,844.598099
-6.0,50,846.598385
-5.0,50,848.589166
-5.0,50,850.710294
-7.0,50,852.711795
-6.0,50,854.65695
-7.0,50,856.578856
-8.0,50,858.477453
-7.0,50,860.376132
-5.0,50,862.282674
-5.0,50,864.397385
-7.0,50,866.467264
-6.0,50,868.593099
-7.0,50,870.502841
-5.0,50,872.497081
-5.0,50,874.561525
-6.0,50,876.590638
-6.0,50,878.506752
-5.0,50,880.592518
-5.0,50,882.703609
-7.0,50,884.681243
-5.0,50,886.716363
-5.0,50,888.592096
-6.0,50,890.460709
-6.0,50,892.269059
-5.0,50,894.224212
-7.0,50,896.310254
-5.0,50,898.239416
-6.0,50,900.291969
-6.0,50,902.290499
-5.0,50,904.158313
-5.0,50,906.068847
-5.0,50,907.993679
-5.0,50,910.095088
-5.0,50,912.133578
-6.0,50,914.232256
-5.0,50,916.137558
-5.0,50,918.298329
-5.0,50,920.208487
-5.0,50,922.27268
-5.0,50,924.339521
-10.0,50,926.354542
-6.0,50,928.242538
-6.0,50,930.218495
-13.0,50,932.291968
-6.0,50,934.342426
-7.0,50,936.464797
-8.0,50,938.356605
-6.0,50,940.214754
-5.0,50,942.058713
-5.0,50,944.132052
-6.0,50,946.156578
-13.0,50,947.908149
-5.0,50,949.883086
-5.0,50,951.804861
-5.0,50,953.790284
-6.0,50,955.669052
-5.0,50,957.62895
-5.0,50,959.769217
-7.0,50,961.924067
-5.0,50,963.792956
-5.0,50,965.646907
-6.0,50,967.736339
-5.0,50,969.668178
-7.0,50,971.659123
-5.0,50,973.6816
-6.0,50,975.826503
-6.0,50,977.811967
-6.0,50,979.812343
-5.0,50,981.766176
-9.0,50,983.694503
-7.0,50,985.716152
-6.0,50,987.758582
-7.0,50,989.768388
-5.0,50,991.739638
-6.0,50,993.858189
-7.0,50,995.821173
-10.0,50,997.780881
-5.0,50,999.870661
-5.0,50,1001.869658
-6.0,50,1003.744483
-5.0,50,1005.765972
-6.0,50,1007.780711
-8.0,50,1009.930482
-9.0,50,1011.92895
-5.0,50,1013.928608
-5.0,50,1015.891088
-5.0,50,1017.923464
-5.0,50,1019.82969
-5.0,50,1021.885126
-6.0,50,1023.976398
-6.0,50,1026.050166
-5.0,50,1027.950555
-5.0,50,1029.92261
-5.0,50,1031.985641
-5.0,50,1034.0312
-6.0,50,1036.202476
-7.0,50,1038.088367
-5.0,50,1040.100479
-6.0,50,1041.975214
-5.0,50,1043.903786
-5.0,50,1045.786118
-5.0,50,1047.917982
-5.0,50,1050.010818
-5.0,50,1052.066073
-6.0,50,1054.118393
-6.0,50,1056.063233
-5.0,50,1057.910124
-6.0,50,1059.865178
-10.0,50,1061.85904
-5.0,50,1063.810018
-5.0,50,1066.00483
-5.0,50,1067.874885
-5.0,50,1069.850914
-5.0,50,1071.921522
-5.0,50,1073.961173
-5.0,50,1075.848251
-5.0,50,1078.011086
-5.0,50,1080.081773
-5.0,50,1082.09025
-6.0,50,1084.165012
-5.0,50,1086.152791
-5.0,50,1088.233008
-6.0,50,1090.326552
-5.0,50,1092.434719
-6.0,50,1094.283621
-5.0,50,1096.289098
-5.0,50,1098.22784
-6.0,50,1100.270073
-5.0,50,1102.356038
-6.0,50,1104.286842
-5.0,50,1106.186896
-5.0,50,1108.254615
-7.0,50,1110.35227
-5.0,50,1112.400651
-5.0,50,1114.310225
-5.0,50,1116.337628
-5.0,50,1118.415049
-5.0,50,1120.447083
-7.0,50,1122.354245
-5.0,50,1124.352636
-5.0,50,1126.484749
-5.0,50,1128.569093
-6.0,50,1130.622233
-5.0,50,1132.824434
-6.0,50,1134.870464
-6.0,50,1136.830087
-5.0,50,1138.843251
-6.0,50,1140.875459
-6.0,50,1142.889382
-5.0,50,1144.804914
-5.0,50,1146.742098
-7.0,50,1148.77205
-6.0,50,1150.861866
-5.0,50,1152.857058
-6.0,50,1154.751892
-6.0,50,1156.800608
-5.0,50,1158.83372
-7.0,50,1160.808324
-5.0,50,1162.677962
-5.0,50,1164.666049
-5.0,50,1166.714596
-5.0,50,1168.591185
-7.0,50,1170.452818
-6.0,50,1172.462807
-5.0,50,1174.595379
-7.0,50,1176.713572
-6.0,50,1178.657619
-5.0,50,1180.534224
-5.0,50,1182.456776
-5.0,50,1184.533895
-6.0,50,1186.358751
-5.0,50,1188.223507
-5.0,50,1190.31299
-10.0,50,1192.338233
-5.0,50,1194.521683
-7.0,50,1196.414525
-5.0,50,1198.512614
-5.0,50,1200.515862
-5.0,50,1202.461007
-6.0,50,1204.365208
-6.0,50,1206.221825
-5.0,50,1208.170444
-5.0,50,1210.11899
-6.0,50,1212.10499
-5.0,50,1213.961862
-5.0,50,1216.090457
-5.0,50,1218.022289
-5.0,50,1219.931551
-5.0,50,1221.933
-5.0,50,1223.957816
-5.0,50,1225.977396
-5.0,50,1227.918792
-5.0,50,1229.953416
-5.0,50,1231.904384
-5.0,50,1234.038202
-6.0,50,1235.885542
-5.0,50,1237.944965
-7.0,50,1239.959793
-5.0,50,1241.800105
-5.0,50,1243.674909
-6.0,50,1245.65531
-6.0,50,1247.745757
-5.0,50,1249.848433
-5.0,50,1251.790591
-6.0,50,1253.800859
-5.0,50,1255.761006
-5.0,50,1257.820197
-7.0,50,1259.762099
-5.0,50,1261.757584
-6.0,50,1263.706807
-7.0,50,1265.635407
-8.0,50,1267.643744
-5.0,50,1269.751718
-5.0,50,1271.807614
-5.0,50,1273.865416
-5.0,50,1275.997759
-5.0,50,1277.966103
-6.0,50,1279.980599
-7.0,50,1282.030946
-5.0,50,1284.122432
-5.0,50,1285.920882
-6.0,50,1287.982188
-6.0,50,1290.093997
-7.0,50,1292.166055
-6.0,50,1294.198389
-6.0,50,1296.266015
-6.0,50,1298.31118
-7.0,50,1300.361085
-5.0,50,1302.477786
-5.0,50,1304.469551
-5.0,50,1306.580707
-7.0,50,1308.614356
-5.0,50,1310.518432
-5.0,50,1312.565135
-5.0,50,1314.668448
-6.0,50,1316.564915
-5.0,50,1318.505927
-5.0,50,1320.432717
-6.0,50,1322.419883
-6.0,50,1324.428448
-5.0,50,1326.309826
-7.0,50,1328.410621
-5.0,50,1330.482723
-7.0,50,1332.586329
-5.0,50,1334.514189
-6.0,50,1336.601403
-5.0,50,1338.582054
-6.0,50,1340.595198
-6.0,50,1342.710968
-6.0,50,1344.666285
-5.0,50,1346.674823
-9.0,50,1348.770112
-5.0,50,1350.682585
-5.0,50,1352.828541
-5.0,50,1354.967495
-7.0,50,1357.00317
-5.0,50,1359.022143
-6.0,50,1361.134271
-6.0,50,1363.233418
-7.0,50,1365.367855
-5.0,50,1367.441924
-8.0,50,1369.57053
-8.0,50,1371.531594
-6.0,50,1373.498578
-7.0,50,1375.585239
-6.0,50,1377.531112
-5.0,50,1379.587039
-6.0,50,1381.667724
-7.0,50,1383.590386
-7.0,50,1385.500513
-5.0,50,1387.380347
-5.0,50,1389.259564
-6.0,50,1391.404935
-7.0,50,1393.324934
-5.0,50,1395.275166
-7.0,50,1397.416097
-6.0,50,1399.452789
-6.0,50,1401.558877
-6.0,50,1403.392741
-5.0,50,1405.452173
-6.0,50,1407.515306
-6.0,50,1409.504254
-6.0,50,1411.435455
-5.0,50,1413.47457
-5.0,50,1415.386371
-6.0,50,1417.29339
-7.0,50,1419.329637
-7.0,50,1421.488346
-7.0,50,1423.543395
-5.0,50,1425.494144
-5.0,50,1427.475172
-5.0,50,1429.373965
-5.0,50,1431.480141
-5.0,50,1433.497844
-9.0,50,1435.702249
-7.0,50,1437.683448
-5.0,50,1439.775454
-6.0,50,1441.724781
-5.0,50,1443.692305
-5.0,50,1445.704268
-7.0,50,1447.794341
-5.0,50,1449.709263
-7.0,50,1451.746082
-6.0,50,1453.807174
-5.0,50,1455.874921
-7.0,50,1457.94463
-9.0,50,1459.998972
-7.0,50,1461.999489
-9.0,50,1463.910232
-6.0,50,1465.966262
-7.0,50,1467.986032
-6.0,50,1469.911046
-5.0,50,1471.826082
-6.0,50,1473.702242
-8.0,50,1475.782728
-5.0,50,1477.775853
-6.0,50,1479.775204
-6.0,50,1481.864884
-6.0,50,1483.952479
-6.0,50,1485.814908
-6.0,50,1487.751526
-7.0,50,1489.706018
-6.0,50,1491.778754
-6.0,50,1493.657961
-5.0,50,1495.585397
-7.0,50,1497.549265
-5.0,50,1499.70251
-5.0,50,1501.633234
-5.0,50,1503.633949
-5.0,50,1505.540611
-6.0,50,1507.486833
-5.0,50,1509.532988
-5.0,50,1511.57049
-7.0,50,1513.517581
-7.0,50,1515.495279
-5.0,50,1517.601589
-5.0,50,1519.581123
-6.0,50,1521.596136
-6.0,50,1523.552587
-5.0,50,1525.589518
-6.0,50,1527.709179
-5.0,50,1529.709971
-6.0,50,1531.644295
-7.0,50,1533.637858
-5.0,50,1535.559393
-7.0,50,1537.516501
-6.0,50,1539.419211
-5.0,50,1541.574002
-5.0,50,1543.498431
-7.0,50,1545.434912
-5.0,50,1547.541972
-7.0,50,1549.508861
-5.0,50,1551.551452
-6.0,50,1553.47342
-7.0,50,1555.630396
-5.0,50,1557.667193
-6.0,50,1559.597958
-5.0,50,1561.698487
-5.0,50,1563.738459
-12.0,50,1565.837097
-5.0,50,1567.983028
-6.0,50,1569.979222
-7.0,50,1572.087621
-7.0,50,1574.071724
-5.0,50,1576.038558
-6.0,50,1578.15989
-6.0,50,1580.023263
-5.0,50,1582.047989
-6.0,50,1583.944841
-7.0,50,1586.013487
-5.0,50,1588.275376
-5.0,50,1590.196245
-6.0,50,1592.274164
-6.0,50,1594.204529
-5.0,50,1596.118345
-5.0,50,1598.01309
-6.0,50,1599.959806
-5.0,50,1601.908375
-5.0,50,1604.051906
-5.0,50,1606.037442
-6.0,50,1607.92574
-7.0,50,1609.875928
-5.0,50,1611.917401
-6.0,50,1613.839784
-6.0,50,1615.855189
-6.0,50,1617.973761
-6.0,50,1619.982313
-6.0,50,1621.938728
-5.0,50,1623.952741
-5.0,50,1626.008281
-6.0,50,1627.875838
-6.0,50,1629.818763
-5.0,50,1631.673103
-5.0,50,1633.536304
-6.0,50,1635.564981
-5.0,50,1637.527038
-7.0,50,1639.539004
-7.0,50,1641.617867
-5.0,50,1643.909271
-5.0,50,1645.776306
-6.0,50,1647.80572
-6.0,50,1649.721688
-5.0,50,1651.80082
-5.0,50,1653.818075
-5.0,50,1655.748693
-10.0,50,1657.755154
-5.0,50,1659.618002
-6.0,50,1661.607113
-5.0,50,1663.68517
-6.0,50,1665.621649
-18.0,50,1667.581588
-7.0,50,1669.708904
-8.0,50,1671.66594
-11.0,50,1673.735765
-6.0,50,1675.729404
-5.0,50,1677.718262
-5.0,50,1679.711832
-5.0,50,1681.797647
-7.0,50,1683.669286
-6.0,50,1685.872699
-5.0,50,1687.786061
-5.0,50,1689.955019
-6.0,50,1691.924258
-5.0,50,1693.929619
-5.0,50,1695.879385
-6.0,50,1697.830373
-5.0,50,1699.79387
-6.0,50,1701.767645
-5.0,50,1703.805629
-5.0,50,1705.789397
-6.0,50,1708.035942
-5.0,50,1710.081393
-5.0,50,1712.054084
-5.0,50,1713.977804
-5.0,50,1715.847043
-6.0,50,1717.783969
-5.0,50,1719.818505
-5.0,50,1721.849467
-5.0,50,1723.973293
-5.0,50,1725.893217
-6.0,50,1727.906765
-5.0,50,1730.036132
-5.0,50,1732.027204
-6.0,50,1733.983314
-5.0,50,1735.825809
-5.0,50,1737.687017
-5.0,50,1739.496839
-6.0,50,1741.612271
-11.0,50,1743.609703
-5.0,50,1745.525099
-5.0,50,1747.505525
-6.0,50,1749.557401
-5.0,50,1751.373743
-5.0,50,1753.275928
-6.0,50,1755.361785
-6.0,50,1757.282733
-5.0,50,1759.208642
-5.0,50,1761.181044
-5.0,50,1763.212211
-6.0,50,1765.214292
-8.0,50,1767.173603
-6.0,50,1769.054932
-5.0,50,1771.233516
-6.0,50,1773.109982
-6.0,50,1775.240474
-5.0,50,1777.247133
-5.0,50,1779.271782
-7.0,50,1781.209275
-6.0,50,1783.038068
-5.0,50,1784.992874
-6.0,50,1786.898598
-5.0,50,1788.868515
-7.0,50,1790.839998
-7.0,50,1792.736803
-6.0,50,1794.678236
-9.0,50,1796.719369
-5.0,50,1798.707549
-5.0,50,1800.789334
-6.0,50,1802.663058
-5.0,50,1804.699203
-8.0,50,1806.839151
-5.0,50,1808.81047
-5.0,50,1810.880868
-8.0,50,1812.980973
-5.0,50,1814.827436
-7.0,50,1816.822942
-5.0,50,1818.884258
-5.0,50,1821.020246
-7.0,50,1823.084107
-5.0,50,1825.144966
-9.0,50,1827.041728
-5.0,50,1829.08228
-5.0,50,1831.159083
-6.0,50,1833.181225
-6.0,50,1835.391189
-6.0,50,1837.40369
-5.0,50,1839.462213
-6.0,50,1841.542938
-5.0,50,1843.605224
-10.0,50,1845.636341
-6.0,50,1847.618387
-8.0,50,1849.654503
-7.0,50,1851.582069
-7.0,50,1853.650498
-5.0,50,1855.802469
-7.0,50,1857.933671
-5.0,50,1859.846332
-7.0,50,1861.69696
-12.0,50,1863.829293
-5.0,50,1865.851481
-5.0,50,1867.930507
-5.0,50,1869.877211
-5.0,50,1872.036835
-6.0,50,1874.073033
